Dataset,K,Tau,ParallelMode,RunNumber,ExecutionTime_ms,Phase1_ms,Phase2_ms,Phase3_ms,Memory_MB,Peak_Memory_MB,Phase1_Memory_MB,Phase2_Memory_MB,Phase3_Memory_MB,Patterns_Found
Chainstore,100,0.7,default,1,15754,1,2,3,1028.00,2012.98,536.00,464.00,0.00,100
Chainstore,100,0.7,default,2,15933,1,2,3,1060.00,2044.52,563.58,464.00,0.00,100
Chainstore,100,0.7,default,3,15832,1,2,3,1092.00,2076.74,659.64,60.36,0.00,100
Chainstore,100,0.7,default,4,17385,1,2,3,1072.00,2057.20,571.58,464.00,0.00,100
Chainstore,100,0.7,default,5,15990,1,2,3,1078.00,2062.15,571.79,464.00,0.00,100
Chainstore,100,0.7,onlyPhase1,1,14148,1,2,3,1082.00,2065.89,901.58,44.73,0.00,100
Chainstore,100,0.7,onlyPhase1,2,14504,1,2,3,1306.00,2289.97,614.00,460.00,0.00,100
Chainstore,100,0.7,onlyPhase1,3,14049,1,2,3,1086.00,2070.65,443.23,460.00,0.00,100
Chainstore,100,0.7,onlyPhase1,4,13929,1,2,3,1074.00,2059.01,902.00,58.46,0.00,100
Chainstore,100,0.7,onlyPhase1,5,14004,1,2,3,1100.00,2084.18,886.00,70.50,0.00,100
Chainstore,100,0.7,onlyClosure,1,16975,1,2,3,1150.00,2134.12,551.73,4.13,0.00,100
Chainstore,100,0.7,onlyClosure,2,16819,1,2,3,1504.00,2487.97,573.79,892.00,0.00,100
Chainstore,100,0.7,onlyClosure,3,16794,1,2,3,1532.00,2516.52,600.00,892.00,0.00,100
Chainstore,100,0.7,onlyClosure,4,16834,1,2,3,1542.00,2526.48,607.71,892.00,0.00,100
Chainstore,100,0.7,onlyClosure,5,16693,1,2,3,1496.00,2480.25,571.43,892.00,0.00,100
Chainstore,100,0.7,onlySupport,1,13917,1,2,3,1074.00,2059.06,537.73,96.27,0.00,100
Chainstore,100,0.7,onlySupport,2,13574,1,2,3,1038.00,2022.41,546.00,464.00,0.00,100
Chainstore,100,0.7,onlySupport,3,13525,1,2,3,1090.00,2074.82,587.79,460.00,0.00,100
Chainstore,100,0.7,onlySupport,4,13244,1,2,3,1062.00,2046.73,562.00,464.00,0.00,100
Chainstore,100,0.7,onlySupport,5,13680,1,2,3,1154.00,2138.27,418.00,460.00,0.00,100
Chainstore,200,0.7,default,1,19093,1,2,3,1602.00,2586.58,542.00,1028.00,0.00,200
Chainstore,200,0.7,default,2,18970,1,2,3,1604.00,2588.28,547.71,1028.00,0.00,200
Chainstore,200,0.7,default,3,19155,1,2,3,1574.00,2558.60,522.00,1028.00,0.00,200
Chainstore,200,0.7,default,4,18954,1,2,3,1618.00,2601.95,557.58,1024.00,0.00,200
Chainstore,200,0.7,default,5,18998,1,2,3,1580.00,2564.48,528.00,1028.00,0.00,200
Chainstore,200,0.7,onlyPhase1,1,17132,1,2,3,1218.00,2202.28,867.73,101.73,0.00,200
Chainstore,200,0.7,onlyPhase1,2,18363,1,2,3,1372.00,2356.57,885.59,229.59,0.00,200
Chainstore,200,0.7,onlyPhase1,3,18245,1,2,3,1217.02,2201.27,889.58,144.56,0.00,200
Chainstore,200,0.7,onlyPhase1,4,17355,1,2,3,1224.00,2208.86,718.00,419.79,0.00,200
Chainstore,200,0.7,onlyPhase1,5,17287,1,2,3,1302.00,2287.20,590.00,414.00,0.00,200
Chainstore,200,0.7,onlyClosure,1,21748,1,2,3,1408.00,2391.90,475.81,888.19,0.00,200
Chainstore,200,0.7,onlyClosure,2,21054,1,2,3,2388.00,3372.88,497.86,1876.00,0.00,200
Chainstore,200,0.7,onlyClosure,3,20807,1,2,3,1322.00,2306.42,410.00,850.00,0.00,200
Chainstore,200,0.7,onlyClosure,4,20859,1,2,3,2476.00,3460.49,561.79,1880.00,0.00,200
Chainstore,200,0.7,onlyClosure,5,21127,1,2,3,2482.00,3466.59,569.43,1880.00,0.00,200
Chainstore,200,0.7,onlySupport,1,16921,1,2,3,1356.00,2340.79,416.00,180.00,0.00,200
Chainstore,200,0.7,onlySupport,2,16705,1,2,3,1638.00,2622.57,565.58,1036.00,0.00,200
Chainstore,200,0.7,onlySupport,3,16916,1,2,3,1606.00,2591.25,543.79,1032.00,0.00,200
Chainstore,200,0.7,onlySupport,4,16708,1,2,3,1644.00,2628.79,576.00,1032.00,0.00,200
Chainstore,200,0.7,onlySupport,5,16753,1,2,3,1634.00,2618.53,561.58,1036.00,0.00,200
Chainstore,300,0.7,default,1,22858,1,2,3,2180.00,3164.05,540.00,1604.00,8.00,300
Chainstore,300,0.7,default,2,22747,1,2,3,2176.00,3160.59,539.58,1604.00,4.00,300
Chainstore,300,0.7,default,3,22948,1,2,3,2166.00,3150.43,529.72,1604.00,8.00,300
Chainstore,300,0.7,default,4,22874,1,2,3,2178.00,3162.35,539.79,1604.00,8.00,300
Chainstore,300,0.7,default,5,22646,1,2,3,2154.00,3138.55,519.86,1600.00,8.00,300
Chainstore,300,0.7,onlyPhase1,1,26431,1,2,3,1284.00,2268.42,799.86,87.86,8.00,300
Chainstore,300,0.7,onlyPhase1,2,25139,1,2,3,1374.59,2358.72,630.00,324.59,8.00,300
Chainstore,300,0.7,onlyPhase1,3,21093,1,2,3,1364.93,2349.04,917.79,276.86,8.00,300
Chainstore,300,0.7,onlyPhase1,4,20707,1,2,3,1419.25,2403.38,883.58,248.33,8.00,300
Chainstore,300,0.7,onlyPhase1,5,21155,1,2,3,1203.25,2187.38,626.00,461.25,8.00,300
Chainstore,300,0.7,onlyClosure,1,25858,1,2,3,3428.00,4412.40,526.00,2872.00,12.00,300
Chainstore,300,0.7,onlyClosure,2,25454,1,2,3,1856.00,2840.17,491.94,768.06,4.00,300
Chainstore,300,0.7,onlyClosure,3,25640,1,2,3,3444.00,4428.53,539.57,2872.00,8.00,300
Chainstore,300,0.7,onlyClosure,4,25821,1,2,3,3438.00,4422.85,531.79,2872.00,8.00,300
Chainstore,300,0.7,onlyClosure,5,25800,1,2,3,3458.00,4442.60,551.79,2872.00,4.00,300
Chainstore,300,0.7,onlySupport,1,20614,1,2,3,2216.00,3200.68,556.00,1616.00,8.00,300
Chainstore,300,0.7,onlySupport,2,20557,1,2,3,2232.00,3216.98,580.00,1608.00,4.00,300
Chainstore,300,0.7,onlySupport,3,21077,1,2,3,1818.00,2804.17,561.58,644.42,4.00,300
Chainstore,300,0.7,onlySupport,4,20770,1,2,3,2242.00,3226.93,587.71,1612.00,4.00,300
Chainstore,300,0.7,onlySupport,5,20925,1,2,3,2228.00,3212.73,576.00,1608.00,4.00,300
Chainstore,400,0.7,default,1,27409,1,2,3,2766.00,3750.71,529.79,2200.00,12.00,400
Chainstore,400,0.7,default,2,27528,1,2,3,2764.00,3748.09,528.00,2200.00,12.00,400
Chainstore,400,0.7,default,3,27465,1,2,3,2766.00,3750.36,531.79,2200.00,12.00,400
Chainstore,400,0.7,default,4,27981,1,2,3,2766.00,3750.44,527.79,2196.00,16.00,400
Chainstore,400,0.7,default,5,27484,1,2,3,1658.00,2642.25,483.94,414.06,12.00,400
Chainstore,400,0.7,onlyPhase1,1,24868,1,2,3,1928.00,2913.08,887.79,83.79,12.00,400
Chainstore,400,0.7,onlyPhase1,2,24977,1,2,3,1696.00,2680.30,871.57,80.43,12.00,400
Chainstore,400,0.7,onlyPhase1,3,24739,1,2,3,1755.54,2740.54,855.58,51.96,12.00,400
Chainstore,400,0.7,onlyPhase1,4,24792,1,2,3,1597.30,2581.45,887.58,141.72,16.00,400
Chainstore,400,0.7,onlyPhase1,5,24795,1,2,3,1718.99,2704.11,891.59,59.41,12.00,400
Chainstore,400,0.7,onlyClosure,1,31250,1,2,3,4474.00,5458.29,539.79,3892.00,12.00,400
Chainstore,400,0.7,onlyClosure,2,29919,1,2,3,2022.00,3007.11,918.00,696.00,16.00,400
Chainstore,400,0.7,onlyClosure,3,30982,1,2,3,2704.00,3688.60,536.00,1106.00,16.00,400
Chainstore,400,0.7,onlyClosure,4,32184,1,2,3,4746.00,5730.49,536.00,208.00,12.00,400
Chainstore,400,0.7,onlyClosure,5,31128,1,2,3,4460.00,5444.63,528.00,3888.00,16.00,400
Chainstore,400,0.7,onlySupport,1,25000,1,2,3,2816.00,3800.82,560.00,2204.00,16.00,400
Chainstore,400,0.7,onlySupport,2,24611,1,2,3,2376.00,3360.73,544.00,184.00,12.00,400
Chainstore,400,0.7,onlySupport,3,24815,1,2,3,2788.00,3772.47,536.00,2208.00,16.00,400
Chainstore,400,0.7,onlySupport,4,25118,1,2,3,2814.00,3798.34,559.79,2208.00,12.00,400
Chainstore,400,0.7,onlySupport,5,24967,1,2,3,2786.00,3770.76,543.79,2204.00,12.00,400
Chainstore,500,0.7,default,1,32909,1,2,3,3746.00,4730.66,511.86,374.14,56.00,500
Chainstore,500,0.7,default,2,32338,1,2,3,3408.00,4392.35,509.86,2824.00,56.00,500
Chainstore,500,0.7,default,3,32375,1,2,3,3416.00,4401.04,516.00,2820.00,60.00,500
Chainstore,500,0.7,default,4,31770,1,2,3,3394.00,4378.93,505.73,2820.00,56.00,500
Chainstore,500,0.7,default,5,32198,1,2,3,3422.00,4406.41,525.58,2824.00,56.00,500
Chainstore,500,0.7,onlyPhase1,1,29126,1,2,3,1713.60,2697.89,861.79,663.81,60.00,500
Chainstore,500,0.7,onlyPhase1,2,29281,1,2,3,1879.24,2864.74,856.00,459.24,60.00,500
Chainstore,500,0.7,onlyPhase1,3,29230,1,2,3,1639.35,2623.57,899.71,575.64,56.00,500
Chainstore,500,0.7,onlyPhase1,4,30723,1,2,3,1901.81,2886.35,855.58,542.23,56.00,500
Chainstore,500,0.7,onlyPhase1,5,30383,1,2,3,1742.00,2726.34,869.58,3.58,56.00,500
Chainstore,500,0.7,onlyClosure,1,36058,1,2,3,2444.00,3428.74,499.72,844.28,64.00,500
Chainstore,500,0.7,onlyClosure,2,35682,1,2,3,2218.00,3202.76,515.86,902.14,56.00,500
Chainstore,500,0.7,onlyClosure,3,35664,1,2,3,1903.19,2888.12,525.73,789.46,56.00,500
Chainstore,500,0.7,onlyClosure,4,39168,1,2,3,6152.00,7136.59,531.79,284.21,60.00,500
Chainstore,500,0.7,onlyClosure,5,38787,1,2,3,6188.00,7172.35,526.00,358.00,56.00,500
Chainstore,500,0.7,onlySupport,1,30340,1,2,3,3486.00,4470.62,562.00,2832.00,60.00,500
Chainstore,500,0.7,onlySupport,2,28853,1,2,3,2300.00,3285.02,519.73,1002.27,678.00,500
Chainstore,500,0.7,onlySupport,3,29365,1,2,3,1642.00,2627.13,455.87,986.13,56.00,500
Chainstore,500,0.7,onlySupport,4,30091,1,2,3,3472.00,4456.60,547.58,2836.00,60.00,500
Chainstore,500,0.7,onlySupport,5,33199,1,2,3,3454.00,4438.59,535.86,2832.00,60.00,500
